cluster,log_mom_5,vol_5,log_mom_10,vol_10,log_mom_25,vol_25,log_mom_50,vol_50
0,0.00025874886679265284,0.00039371729554775914,0.0004383233131940875,0.0004222166233848069,0.0006892025927270524,0.000462679972255034,0.0008111523409988185,0.0004912917822992925
1,0.0008075735414648685,0.0008436129173625987,0.0012056613914515522,0.000896874563796051,0.001964385548444225,0.0009400851453287357,0.002486950800210201,0.0009816353164088844
2,-0.0022631619870122615,0.00149875971682868,-0.003616703570192866,0.0014956194437598595,-0.0062974863639414696,0.0014068663181302562,-0.008596045137795083,0.0013180927577259062
3,0.0029762905774301826,0.0017161140787338442,0.004638533693189007,0.0016908946102458342,0.006771933204624951,0.0016172882173964935,0.008908409279038859,0.0014743717130765743
4,-0.0010369166790258847,0.0006289995569211532,-0.001652687584868033,0.000665923285519762,-0.0024935330603377322,0.000675084523197254,-0.0030077143384783264,0.0006752549598532434
