cluster,log_mom_1,log_mom_5,vol_5,log_mom_15,vol_15,log_mom_30,vol_30,log_mom_50,vol_50,log_mom_96,vol_96
0,-0.0005848188552535377,-0.003503945603047263,0.0061274454107016485,-0.01182576577219361,0.006657323160867467,-0.021267311359031964,0.006468786527889731,-0.029659870169534083,0.006202811674220648,-0.03795024561529025,0.0057101748150878975
1,-0.000410267522236244,-0.0022215374087179987,0.0024611223256337665,-0.006038813282719515,0.0025315801192894293,-0.010722717415938603,0.0025512333384386607,-0.014457475428804125,0.0026127405838900952,-0.018026653297826847,0.0027375086689639485
2,-6.963945935336233e-05,-0.0003148917840995904,0.0019707597311326174,-0.0006343795140383511,0.0020884765296982424,-0.001305926454037727,0.002193909210661502,-0.0023524551218602075,0.002357643611789884,-0.00518585078082391,0.0029555931816399733
3,0.00041139792237533196,0.0023638573940030034,0.0033230412547921367,0.0068796295224333595,0.0035484659068213235,0.01274923825649919,0.003683322895393822,0.0179166482516399,0.003759805434210633,0.02085785296698127,0.0038310172495548416
4,0.0011321409273582828,0.005262039676814111,0.009053405870470415,0.02041382712658155,0.014291059377455591,-0.02573898830640784,0.028657605038780377,-0.12385691186828729,0.03794861460779105,-0.153475214475596,0.027493821444775097
